<?xml version="1.0" encoding="UTF-8"?>
<beans xmlns="http://www.springframework.org/schema/beans" 
       xmlns:xsi="http://www.w3.org/2001/XMLSchema-instance"
       xmlns:p="http://www.springframework.org/schema/p" 
       xmlns:context="http://www.springframework.org/schema/context"
       xsi:schemaLocation="http://www.springframework.org/schema/beans
                           http://www.springframework.org/schema/beans/spring-beans.xsd
                           http://www.springframework.org/schema/context
                           http://www.springframework.org/schema/context/spring-context.xsd">

    <import resource="classpath:/META-INF/spring/marshaller/jaxb2-marshaller-context.xml"/>

    <bean id="handlerAdapter" class="org.springframework.web.servlet.mvc.method.annotation.RequestMappingHandlerAdapter">
        <property name="messageConverters">
            <list>
                <bean class="org.springframework.http.converter.xml.MarshallingHttpMessageConverter">
                    <property name="marshaller" ref="marshaller"/>
                    <property name="unmarshaller" ref="marshaller"/>
                </bean>
                <bean class="org.springframework.http.converter.StringHttpMessageConverter"/>
                <bean class="org.springframework.http.converter.FormHttpMessageConverter"/>
                <ref bean="mappingJacksonHttpMessageConverter"/>
                <ref bean="mappingJacksonHttpMessageConverterWithType"/>
            </list>
        </property>
    </bean>
    
    <bean id="viewResolver" class="org.springframework.web.servlet.view.ContentNegotiatingViewResolver"
          p:favorPathExtension="true">
        <property name="mediaTypes">
            <map>
                <entry key="xml" value="application/xml"/>                
                <entry key="json" value="application/json"/>
                <entry key="json-type" value="application/json-type"/>
            </map>
        </property>
        <property name="defaultViews">
            <list>
                <bean class="org.springframework.web.servlet.view.xml.MarshallingView" 
                      p:marshaller-ref="marshaller"/>
                <ref bean="mappingJacksonJsonView"/>                      
                <ref bean="mappingJacksonJsonViewWithType"/>                      
            </list>
        </property>
    </bean>

</beans>