<?xml version="1.0" encoding="UTF-8"?>
<beans xmlns="http://www.springframework.org/schema/beans"
       xmlns:xsi="http://www.w3.org/2001/XMLSchema-instance"
       xmlns:security="http://www.springframework.org/schema/security"
       xsi:schemaLocation="http://www.springframework.org/schema/beans
                           http://www.springframework.org/schema/beans/spring-beans.xsd
                           http://www.springframework.org/schema/security
                           http://www.springframework.org/schema/security/spring-security-3.2.xsd">

    <security:http auto-config="true">
        <!-- Restrict URLs based on role -->
        <security:intercept-url pattern="/login*" access="IS_AUTHENTICATED_ANONYMOUSLY" />
        <security:intercept-url pattern="/logoutSuccess*" access="IS_AUTHENTICATED_ANONYMOUSLY" />
        
        <security:intercept-url pattern="/css/main.css" access="IS_AUTHENTICATED_ANONYMOUSLY" />
        
        <security:intercept-url pattern="/**" access="ROLE_USER" />

        <!-- Override default login and logout pages -->
        <security:form-login login-page="/login.html" 
                             login-processing-url="/loginProcess" 
                             default-target-url="/index.jsp" 
                             authentication-failure-url="/login.html?login_error=1" />
        <security:logout logout-url="/logout" logout-success-url="/logoutSuccess.html" />
    </security:http>
    
</beans>