<?xml version="1.0" encoding="UTF-8"?>
<beans xmlns="http://www.springframework.org/schema/beans"
       xmlns:xsi="http://www.w3.org/2001/XMLSchema-instance"
       xmlns:p="http://www.springframework.org/schema/p"
       xmlns:context="http://www.springframework.org/schema/context"
       xsi:schemaLocation="http://www.springframework.org/schema/beans 
                           http://www.springframework.org/schema/beans/spring-beans.xsd
                           http://www.springframework.org/schema/context 
                           http://www.springframework.org/schema/context/spring-context.xsd">

    <bean id="org.dozer.Mapper" class="org.dozer.spring.DozerBeanMapperFactoryBean">
        <property name="mappingFiles">
            <list>
                <value>classpath:/dozer/dozer-joda-mappings.xml</value>
                <value>classpath:/dozer/dozer-mappings.xml</value>
            </list>
        </property>
    </bean>
    
</beans>
