<?xml version="1.0" encoding="UTF-8"?>
<beans xmlns="http://www.springframework.org/schema/beans" 
       xmlns:xsi="http://www.w3.org/2001/XMLSchema-instance"
       xmlns:p="http://www.springframework.org/schema/p" 
       xmlns:context="http://www.springframework.org/schema/context"
       xmlns:util="http://www.springframework.org/schema/util"
       xsi:schemaLocation="http://www.springframework.org/schema/beans 
                           http://www.springframework.org/schema/beans/spring-beans-4.0.xsd
                           http://www.springframework.org/schema/context 
                           http://www.springframework.org/schema/context/spring-context-4.0.xsd
                           http://www.springframework.org/schema/util 
                           http://www.springframework.org/schema/util/spring-util-4.0.xsd">

    <bean id="dataSource"
          class="org.apache.commons.dbcp.BasicDataSource"
          destroy-method="close"
          p:driverClassName="${jdbc.driver.class}" p:url="${jdbc.url}"
          p:username="${jdbc.username}" p:password="${jdbc.password}"
          p:initialSize="${jdbc.initial.size}" 
          p:minIdle="${jdbc.min.idle}" p:maxIdle="${jdbc.max.idle}" 
          p:maxActive="${jdbc.max.active}"
          p:timeBetweenEvictionRunsMillis="${jdbc.time.between.eviction}" 
          p:minEvictableIdleTimeMillis="${jdbc.min.evictable.idle}" 
          p:testOnBorrow="true" 
          p:validationQueryTimeout="${jdbc.validation.query.timeout}"
          p:validationQuery="${jdbc.validation.query}" />

    <beans profile="hsql">
        <context:property-placeholder location="classpath:/sql/hsql.properties,classpath*:META-INF/config/**/*.properties" />

        <util:list id="databaseScriptsList" value-type="org.springframework.core.io.Resource">
            <value>classpath:/sql/hsql/drop_database.sql</value>
            <value>classpath:/sql/hsql/schema.sql</value>
            <value>classpath:/sql/hsql/security_schema.sql</value>
        </util:list>
    </beans>

    <beans profile="postgresql">
        <context:property-placeholder location="classpath:/sql/postgresql.properties,classpath*:META-INF/config/**/*.properties,file:contact-app*.properties" />

        <util:list id="databaseScriptsList" value-type="org.springframework.core.io.Resource" />
    </beans>

</beans>
