<?xml version="1.0" encoding="UTF-8"?>
<beans xmlns="http://www.springframework.org/schema/beans"
       xmlns:xsi="http://www.w3.org/2001/XMLSchema-instance"
       xmlns:p="http://www.springframework.org/schema/p"
       xmlns:tx="http://www.springframework.org/schema/tx"
       xmlns:jpa="http://www.springframework.org/schema/data/jpa"
       xsi:schemaLocation="http://www.springframework.org/schema/beans 
                           http://www.springframework.org/schema/beans/spring-beans.xsd
                           http://www.springframework.org/schema/tx
                           http://www.springframework.org/schema/tx/spring-tx.xsd
                           http://www.springframework.org/schema/data/jpa
                           http://www.springframework.org/schema/data/jpa/spring-jpa.xsd">

    <jpa:repositories base-package="org.springbyexample.contact.orm.repository" />

    <!-- auditing -->
    <jpa:auditing auditor-aware-ref="auditorAware" />
    <bean id="auditorAware" class="org.springbyexample.contact.orm.entity.AuditorAwareImpl" />
    
    <tx:annotation-driven />
        
    <bean id="transactionManager" 
          class="org.springframework.orm.jpa.JpaTransactionManager"
          p:entityManagerFactory-ref="entityManagerFactory"/>
          
    <bean id="entityManagerFactory" 
          class="org.springframework.orm.jpa.LocalContainerEntityManagerFactoryBean"
    	  p:dataSource-ref="dataSource"
          p:persistenceUnitName="${jpa.persistence.unit.name}"
          depends-on="dataSourceInitializer">
        <property name="jpaVendorAdapter">
            <bean class="org.springframework.orm.jpa.vendor.HibernateJpaVendorAdapter" />
        </property>
        <property name="jpaProperties">
            <props>
                <prop key="hibernate.show_sql">${jpa.show.sql}</prop>
                <prop key="hibernate.generate_statistics">false</prop> 
                <prop key="hibernate.cache.use_second_level_cache">${jpa.cache.use_second_level_cache}</prop>
                <prop key="hibernate.cache.region.factory_class">org.hibernate.cache.ehcache.EhCacheRegionFactory</prop>
            </props>
        </property>
    </bean>

    <bean id="dataSourceInitializer" 
          class="org.springframework.jdbc.datasource.init.DataSourceInitializer"
          p:dataSource-ref="dataSource">
        <property name="databasePopulator">
            <bean class="org.springframework.jdbc.datasource.init.ResourceDatabasePopulator"
                  p:scripts-ref="databaseScriptsList"
                  p:sqlScriptEncoding="UTF-8" />
        </property>
    </bean>

</beans>
